T,lambda,G,nu_l,rho_l,gamma,r,h_0,u_0,ts_dt,R,volume,time
130.1235552,0.003533008,16.10400913,2.75E-06,739.9353371,0.026091351,0.000137392,0.000883252,0.003961105,5.00E-05,0.002649756,,
101.6720598,0.003349053,19.47282895,4.01E-06,757.9409497,0.028082956,0.000249455,0.000837263,0.007587014,5.00E-05,0.00251179,,
257.8934379,0.006619503,26.66968943,1.17E-06,659.0757911,0.017147459,0.000666545,0.001654876,0.010256615,1.00E-05,0.004964627,9.32E-09,0.00383093
117.1922157,0.00698329,14.472782,3.22E-06,748.1189734,0.026996545,9.89E-05,0.001745823,0.001442634,5.00E-05,0.005237468,1.09E-08,0.00630352
117.4357541,0.00845934,15.3151483,3.21E-06,747.9648494,0.026979497,0.000117585,0.002114835,0.001415848,5.00E-05,0.006344505,1.93E-08,0.00803008
179.0638481,0.003545437,26.39545237,1.75E-06,708.9633288,0.022665531,0.00064557,0.000886359,0.01854701,1.00E-05,0.002659078,1.44E-09,0.00185207
160.3289723,0.003718453,17.21898321,2.03E-06,720.8197501,0.023976972,0.000169393,0.000929613,0.004640165,5.00E-05,0.00278884,,
259.7648193,0.007800337,27.08162101,1.16E-06,657.8914819,0.017016463,0.000698878,0.001950084,0.009126159,1.00E-05,0.005850253,1.52E-08,0.00487797
176.0907672,0.006916553,23.73687991,1.79E-06,710.8448518,0.022873646,0.000464202,0.001729138,0.006836243,1.00E-05,0.005187415,1.05E-08,0.00459953
144.4275774,0.003651138,10.40728875,2.36E-06,730.8829946,0.02509007,4.08E-05,0.000912785,0.001139548,5.00E-05,0.002738354,,
223.4116423,0.006835117,10.03473122,1.35E-06,680.8976968,0.019561185,3.79E-05,0.001708779,0.000564779,5.00E-05,0.005126337,1.01E-08,0.00790234
216.9604403,0.00638512,15.65801662,1.39E-06,684.980359,0.020012769,0.000125913,0.00159628,0.002008641,5.00E-05,0.00478884,8.33E-09,0.0046376
74.86788864,0.009396668,24.66896219,6.39E-06,774.9040482,0.029959248,0.000523362,0.002349167,0.005673201,1.00E-05,0.007047501,,
220.8300174,0.003662176,22.87857444,1.36E-06,682.5314858,0.019741899,0.000413775,0.000915544,0.01150866,1.00E-05,0.002746632,1.57E-09,0.00179266
76.33387268,0.003400092,19.68294335,6.21E-06,773.9762959,0.029856629,0.000258029,0.000850023,0.007729961,5.00E-05,0.002550069,,
100.1373769,0.003633575,10.76155145,4.11E-06,758.9121783,0.028190384,4.40E-05,0.000908394,0.001233119,5.00E-05,0.002725181,1.52E-09,0.00331914
94.05574938,0.004352935,22.04348636,4.52E-06,762.7609541,0.028616098,0.000368315,0.001088234,0.00861861,1.00E-05,0.003264701,,
222.8606738,0.003413511,12.33412758,1.35E-06,681.2463789,0.019599753,6.21E-05,0.000853378,0.001854228,5.00E-05,0.002560133,,
91.63705439,0.005588203,26.29765884,4.71E-06,764.2916324,0.028785406,0.000638196,0.001397051,0.011632748,1.00E-05,0.004191152,,
170.1026577,0.005530739,15.405802,1.88E-06,714.6344446,0.023292814,0.000119746,0.001382685,0.002205347,5.00E-05,0.004148054,5.41E-09,0.0040082
143.693991,0.007695519,29.29162997,2.38E-06,731.3472469,0.025141421,0.000889863,0.00192388,0.011778371,1.00E-05,0.005771639,1.47E-08,0.00528121
193.799143,0.004603617,16.00486025,1.59E-06,699.6380541,0.02163406,0.000134776,0.001150904,0.002982042,5.00E-05,0.003452713,,
84.58500562,0.004002337,20.48452387,5.32E-06,768.7545422,0.02927905,0.00029256,0.001000584,0.00744564,1.00E-05,0.003001753,,
222.3290607,0.006738367,20.28182596,1.35E-06,681.5828118,0.019636966,0.000283552,0.001684592,0.004286253,1.00E-05,0.005053775,9.66E-09,0.00451516
237.3477125,0.009629724,21.14671752,1.26E-06,672.0782138,0.01858566,0.000323323,0.002407431,0.003419971,1.00E-05,0.007222293,2.82E-08,0.00732168
95.49674922,0.009340018,17.12047282,4.42E-06,761.8490131,0.028515228,0.000166371,0.002335004,0.001814384,5.00E-05,0.007005013,2.61E-08,0.0093623
207.6661191,0.004313738,28.40531599,1.46E-06,690.8622975,0.020663372,0.000809655,0.001078435,0.01911817,1.00E-05,0.003235304,2.62E-09,0.002185
179.8583099,0.009749133,18.97434894,1.74E-06,708.4605513,0.022609918,0.000229893,0.002437283,0.002401932,5.00E-05,0.00731185,2.91E-08,0.00813437
68.60473702,0.008826449,25.59578398,7.26E-06,778.8677022,0.030397668,0.000586882,0.002206612,0.006772745,1.00E-05,0.006619837,,
145.6240628,0.003440008,20.95524092,2.33E-06,730.1257953,0.025006316,0.000314216,0.000860002,0.009303984,1.00E-05,0.002580006,1.29E-09,0.00196762
115.4195684,0.005209604,19.27288513,3.30E-06,749.2407984,0.02712063,0.000241478,0.001302401,0.004721431,5.00E-05,0.003907203,4.56E-09,0.00382051
134.2789403,0.009686169,11.7571124,2.63E-06,737.3055895,0.025800474,5.47E-05,0.002421542,0.000574762,5.00E-05,0.007264627,2.88E-08,0.0108904
251.7663327,0.007947264,15.44496454,1.20E-06,662.9533476,0.017576357,0.000120688,0.001986816,0.001546847,5.00E-05,0.005960448,1.60E-08,0.0062043
266.1938353,0.004421241,29.96406182,1.14E-06,653.8228602,0.016566432,0.000954044,0.00110531,0.021979819,1.00E-05,0.003315931,2.84E-09,0.00208949
205.8804,0.008207807,26.25350882,1.48E-06,691.9923951,0.020788372,0.000634886,0.002051952,0.007878951,1.00E-05,0.006155855,1.77E-08,0.00549602
168.7785993,0.003881846,12.83557632,1.90E-06,715.4723788,0.023385498,6.95E-05,0.000970462,0.001822452,5.00E-05,0.002911385,,
191.1983283,0.00964309,24.86716264,1.61E-06,701.2839873,0.021816117,0.000536547,0.002410773,0.005667496,1.00E-05,0.007232318,2.85E-08,0.00716031
267.976857,0.004121421,10.87573277,1.13E-06,652.6944696,0.01644162,4.51E-05,0.001030355,0.001113952,5.00E-05,0.003091066,,
98.0446918,0.008934935,12.47780639,4.24E-06,760.2365402,0.028336872,6.42E-05,0.002233734,0.00073139,5.00E-05,0.006701201,2.27E-08,0.0102066
86.71298227,0.006776717,15.93960674,5.12E-06,767.4078459,0.029130091,0.000133075,0.001694179,0.002000212,5.00E-05,0.005082538,9.94E-09,0.00656562
269.4238826,0.007067669,25.4498651,1.13E-06,651.7787152,0.016340328,0.000576564,0.001766917,0.008309437,1.00E-05,0.005300751,1.13E-08,0.00430413
265.1911912,0.009591021,22.16815389,1.14E-06,654.4573864,0.016636617,0.00037488,0.002397755,0.003981328,1.00E-05,0.007193266,2.79E-08,0.00703586
160.4318187,0.006042929,20.59177927,2.03E-06,720.7546634,0.023969773,0.000297404,0.001510732,0.005013019,1.00E-05,0.004532196,6.97E-09,0.00405522
108.5325014,0.004095677,10.58999373,3.63E-06,753.599299,0.027602725,4.24E-05,0.001023919,0.001055119,5.00E-05,0.003071758,2.18E-09,0.00377969
203.4223092,0.006688838,12.85638955,1.50E-06,693.5480051,0.020960438,6.98E-05,0.001672209,0.001062532,5.00E-05,0.005016628,9.53E-09,0.00563437
92.35254491,0.007002509,28.87113392,4.65E-06,763.8388321,0.028735322,0.000851195,0.001750627,0.012381558,1.00E-05,0.005251882,,
148.5148626,0.003523817,10.57069173,2.27E-06,728.2963441,0.02480396,4.23E-05,0.000880954,0.001221407,5.00E-05,0.002642862,,
122.7472906,0.006460321,28.9529876,3.00E-06,744.6034279,0.02660769,0.000858634,0.00161508,0.01353799,1.00E-05,0.004845241,,
158.0126377,0.009501435,29.93169649,2.08E-06,722.2856493,0.024139115,0.000950888,0.002375359,0.010193894,1.00E-05,0.007126076,2.77E-08,0.0068207
195.3098571,0.005308299,14.38178016,1.57E-06,698.6819942,0.02152831,9.70E-05,0.001327075,0.001861956,5.00E-05,0.003981224,4.78E-09,0.00380918
264.2335959,0.007747714,16.83429044,1.14E-06,655.0634034,0.016703648,0.000157808,0.001936928,0.002074695,5.00E-05,0.005810785,1.46E-08,0.00577187
132.5952924,0.005721507,15.03338349,2.68E-06,738.371091,0.02591833,0.000111058,0.001430377,0.001977158,5.00E-05,0.00429113,5.98E-09,0.00455586
182.7425021,0.009223085,20.0480662,1.71E-06,706.6352819,0.022408025,0.000273396,0.002305771,0.003019371,1.00E-05,0.006917314,2.47E-08,0.00735016
104.1743527,0.00944882,24.19248306,3.86E-06,756.3573663,0.027907795,0.000492538,0.002362205,0.005309605,1.00E-05,0.007086615,2.67E-08,0.00831744
188.3552055,0.007385627,21.57069894,1.64E-06,703.083266,0.022015136,0.000344109,0.001846407,0.004745799,1.00E-05,0.00553922,1.27E-08,0.00516906
249.932237,0.008731652,19.5114014,1.20E-06,664.1140605,0.017704743,0.000251015,0.002182913,0.002928212,5.00E-05,0.006548739,2.10E-08,0.00648906
118.9581675,0.007785328,13.00857854,3.15E-06,747.0013856,0.026872928,7.22E-05,0.001946332,0.000944065,5.00E-05,0.005838996,1.50E-08,0.00773398
266.8956347,0.004762992,16.04185031,1.13E-06,653.3787243,0.016517306,0.000135748,0.001190748,0.002903037,5.00E-05,0.003572244,,
196.1556946,0.009855748,21.73918587,1.56E-06,698.1467035,0.021469101,0.00035261,0.002463937,0.003644229,1.00E-05,0.007391811,3.02E-08,0.00773406
146.5157315,0.006275762,14.25385308,2.31E-06,729.5615002,0.024943899,9.45E-05,0.00156894,0.001533021,5.00E-05,0.004706821,7.88E-09,0.00515937
200.9124337,0.009505347,19.77204659,1.52E-06,695.1363872,0.02113613,0.000261724,0.002376337,0.002804626,5.00E-05,0.00712901,2.70E-08,0.00756445
182.4090665,0.009825817,18.23453552,1.71E-06,706.8462975,0.022431365,0.000202833,0.002456454,0.002102668,5.00E-05,0.007369363,2.97E-08,0.00833047
225.6682315,0.007466313,14.09343598,1.33E-06,679.4696077,0.019403224,9.13E-05,0.001866578,0.001245477,5.00E-05,0.005599735,1.33E-08,0.00607109
201.9872093,0.006065884,22.66121802,1.51E-06,694.4562123,0.021060895,0.000401605,0.001516471,0.006743806,1.00E-05,0.004549413,7.09E-09,0.00377916
125.5518199,0.00767255,24.70306872,2.90E-06,742.8285733,0.026411373,0.000525615,0.001918137,0.006977958,1.00E-05,0.005754412,1.44E-08,0.00568832
208.0825856,0.006731524,26.10039659,1.46E-06,690.5987355,0.020634219,0.00062349,0.001682881,0.009434443,1.00E-05,0.005048643,9.78E-09,0.00409267
240.5838667,0.003601741,26.96307502,1.25E-06,670.0302041,0.018359129,0.000689471,0.000900435,0.019498596,1.00E-05,0.002701306,1.52E-09,0.00166406
167.1001838,0.009671791,25.12747055,1.92E-06,716.534569,0.023502987,0.000554191,0.002417948,0.0058365,1.00E-05,0.007253843,2.88E-08,0.00733328
239.8393333,0.004688615,19.08422798,1.25E-06,670.5013843,0.018411247,0.000234112,0.001172154,0.005086041,5.00E-05,0.003516461,,
255.1232888,0.004143014,26.69575824,1.18E-06,660.8288881,0.01734137,0.000668561,0.001035753,0.016437093,1.00E-05,0.00310726,2.30E-09,0.00199023
233.4068159,0.00961925,21.56045831,1.29E-06,674.5722218,0.018861523,0.000343597,0.002404813,0.003638383,1.00E-05,0.007214438,2.81E-08,0.00727949
220.4694844,0.008633099,24.30181133,1.37E-06,682.7596501,0.019767136,0.000499502,0.002158275,0.005893466,1.00E-05,0.006474824,2.05E-08,0.00595098
165.2620124,0.006677303,10.81928485,1.95E-06,717.6978611,0.023631659,4.45E-05,0.001669326,0.000679319,5.00E-05,0.005007977,9.45E-09,0.00693398
206.8179155,0.007812682,12.58713432,1.47E-06,691.3990857,0.020722746,6.57E-05,0.00195317,0.000857012,5.00E-05,0.005859511,1.52E-08,0.00708437
215.9109962,0.005268973,17.72550289,1.40E-06,685.6445028,0.02008623,0.000185547,0.001317243,0.003586963,5.00E-05,0.00395173,,
261.5325558,0.008429233,22.94292851,1.15E-06,656.7727646,0.016892721,0.000417424,0.002107308,0.005044165,1.00E-05,0.006321925,1.90E-08,0.00572871
114.7137796,0.007104316,24.34152662,3.33E-06,749.687459,0.027170035,0.000502048,0.001776079,0.007198185,1.00E-05,0.005328237,1.14E-08,0.00552722
135.2809967,0.005022084,23.0022613,2.60E-06,736.6714351,0.02573033,0.000420807,0.001255521,0.008534914,1.00E-05,0.003766563,4.03E-09,0.00328938
242.8631471,0.005251855,19.81675238,1.24E-06,668.5877548,0.01819958,0.000263591,0.001312964,0.005112317,5.00E-05,0.003938891,,
146.9610821,0.006433697,12.09604904,2.30E-06,729.2796587,0.024912724,5.89E-05,0.001608424,0.000933026,5.00E-05,0.004825273,8.46E-09,0.00591289
229.6039542,0.007761324,11.15493921,1.31E-06,676.978874,0.019127723,4.79E-05,0.001940331,0.000628291,5.00E-05,0.005820993,1.49E-08,0.0077082
216.2458875,0.007572773,28.92467798,1.40E-06,685.4325658,0.020062788,0.000856056,0.001893193,0.011514566,1.00E-05,0.005679579,1.40E-08,0.00469375
223.1403781,0.004030217,10.05843045,1.35E-06,681.0693672,0.019580174,3.81E-05,0.001007554,0.000962317,5.00E-05,0.003022663,,
73.05765163,0.00853831,11.51297804,6.62E-06,776.0496621,0.030085964,5.18E-05,0.002134577,0.000617747,5.00E-05,0.006403732,1.97E-08,0.0115648
151.5283639,0.007376429,14.80811613,2.20E-06,726.389241,0.024593015,0.000106043,0.001844107,0.001464317,5.00E-05,0.005532322,1.28E-08,0.00630195
159.4832792,0.004159146,27.95578831,2.05E-06,721.3549495,0.02403617,0.000770842,0.001039787,0.018878225,1.00E-05,0.00311936,,
215.1281999,0.007075496,14.33186766,1.40E-06,686.1398977,0.020141026,9.60E-05,0.001768874,0.001382314,5.00E-05,0.005306622,1.13E-08,0.00564062
72.12718182,0.007890969,22.18975735,6.75E-06,776.6385126,0.030151097,0.000376026,0.001972742,0.004853862,1.00E-05,0.005918227,,
164.0566426,0.008988744,28.63830677,1.97E-06,718.460683,0.023716035,0.000830263,0.002247186,0.009408421,1.00E-05,0.006741558,2.34E-08,0.00624498
86.20836066,0.007304375,11.00455594,5.17E-06,767.7271972,0.029165415,4.63E-05,0.001826094,0.000646187,5.00E-05,0.005478281,1.24E-08,0.0089
76.95858069,0.00666502,25.56395631,6.13E-06,773.5809476,0.029812899,0.000584621,0.001666255,0.008934559,1.00E-05,0.004998765,,
80.62614881,0.006228247,26.42201362,5.72E-06,771.2599164,0.02955617,0.000647583,0.001557062,0.010590819,1.00E-05,0.004671185,,
96.38043844,0.007156091,18.59910026,4.35E-06,761.2897678,0.028453369,0.000215877,0.001789023,0.00307278,5.00E-05,0.005367068,1.18E-08,0.00637109
92.82458086,0.005740199,21.8166707,4.61E-06,763.5401028,0.028702279,0.000356566,0.00143505,0.006327228,1.00E-05,0.004305149,5.93E-09,0.00543862
157.3753514,0.005331267,27.23150568,2.09E-06,722.6889577,0.024183725,0.000710891,0.001332817,0.013582288,1.00E-05,0.00399845,4.89E-09,0.0032425
137.3305692,0.003567942,27.59674299,2.54E-06,735.3743571,0.02558686,0.000740728,0.000891986,0.021146611,1.00E-05,0.002675957,,
83.66713626,0.009206699,22.52982872,5.41E-06,769.3354185,0.0293433,0.000394364,0.002301675,0.004363087,1.00E-05,0.006905025,2.52E-08,0.00932084
122.4997542,0.008274875,16.88508845,3.01E-06,744.760082,0.026625017,0.000159304,0.002068719,0.001960946,5.00E-05,0.006206156,1.81E-08,0.00735156
139.6700174,0.007017831,25.91721821,2.48E-06,733.8938305,0.025423099,0.000610034,0.001754458,0.008854232,1.00E-05,0.005263373,1.11E-08,0.00489063
161.0346026,0.00679288,20.70281312,2.02E-06,720.3731899,0.023927578,0.000302474,0.00169822,0.004535599,1.00E-05,0.00509466,9.90E-09,0.00480906
231.931489,0.007110298,19.40182228,1.29E-06,675.5058868,0.018964796,0.000246602,0.001777575,0.003532722,5.00E-05,0.005332724,1.13E-08,0.00492578
192.3169692,0.009091007,25.4234905,1.60E-06,700.5760522,0.021737812,0.000574712,0.002272752,0.006439297,1.00E-05,0.006818255,2.39E-08,0.00646501
157.194058,0.009554314,26.89120498,2.09E-06,722.8036898,0.024196416,0.000683808,0.002388579,0.007290118,1.00E-05,0.007165736,2.79E-08,0.00712023
130.5520588,0.00788856,22.80343207,2.74E-06,739.6641574,0.026061356,0.00040954,0.00197214,0.005288092,1.00E-05,0.00591642,1.56E-08,0.00603931
245.6732989,0.008797105,20.62658239,1.22E-06,666.809342,0.018002869,0.000298987,0.002199276,0.003461885,1.00E-05,0.006597829,2.15E-08,0.00643192
154.2496096,0.007599537,15.90323872,2.15E-06,724.6670927,0.024402527,0.000132133,0.001899884,0.001771026,5.00E-05,0.005699653,1.40E-08,0.00632344
83.26905202,0.009180056,28.75793245,5.45E-06,769.5873473,0.029371166,0.000840975,0.002295014,0.009331209,1.00E-05,0.006885042,,
257.2198058,0.007250371,17.24226375,1.17E-06,659.5021011,0.017194614,0.000170113,0.001812593,0.002389886,5.00E-05,0.005437779,1.20E-08,0.00522734
66.00971829,0.006611827,10.15022441,7.67E-06,780.5099674,0.03057932,3.88E-05,0.001652957,0.000597342,5.00E-05,0.00495887,9.12E-09,0.01005
169.8254115,0.003987748,15.24790102,1.88E-06,714.8099006,0.023312221,0.000116002,0.000996937,0.002963038,5.00E-05,0.002990811,,
89.7265278,0.007847769,27.05682114,4.86E-06,765.5007147,0.028919143,0.000696903,0.001961942,0.009045367,1.00E-05,0.005885827,,
100.3530105,0.008440298,11.94177009,4.09E-06,758.7757139,0.028175289,5.69E-05,0.002110074,0.000687215,5.00E-05,0.006330223,1.91E-08,0.0096207
106.0146348,0.004427608,22.83539775,3.76E-06,755.1927383,0.027778976,0.000411338,0.001106902,0.009463021,1.00E-05,0.003320706,,
124.8301989,0.008804702,27.51395476,2.93E-06,743.2852532,0.026461886,0.000733894,0.002201176,0.008490221,1.00E-05,0.006603527,2.19E-08,0.0066712
147.5709663,0.005757534,11.19441615,2.29E-06,728.8936917,0.024870032,4.83E-05,0.001439384,0.000854268,5.00E-05,0.004318151,6.06E-09,0.00542891
108.6330981,0.008337731,24.23211975,3.62E-06,753.5356361,0.027595683,0.000495055,0.002084433,0.00604792,1.00E-05,0.006253298,1.84E-08,0.00695043
238.4982775,0.005122636,20.74546382,1.26E-06,671.3500754,0.018505121,0.000304437,0.001280659,0.00605347,1.00E-05,0.003841977,4.26E-09,0.00298844
89.17492808,0.003977976,15.50753141,4.91E-06,765.8497963,0.028957755,0.000122206,0.000994494,0.003129167,5.00E-05,0.002983482,2.01E-09,0.00355449
187.6165047,0.003730166,22.34871806,1.65E-06,703.5507549,0.022066845,0.000384526,0.000932542,0.010500204,1.00E-05,0.002797625,1.66E-09,0.00192988
102.3627902,0.004560816,10.51063861,3.97E-06,757.5038189,0.028034605,4.17E-05,0.001140204,0.000931958,5.00E-05,0.003420612,3.01E-09,0.00451719
115.8197565,0.007982151,23.35463011,3.28E-06,748.9875382,0.027092617,0.000441272,0.001995538,0.005631018,1.00E-05,0.005986613,1.61E-08,0.00632764
180.7990286,0.003849025,20.91022792,1.73E-06,707.8652148,0.022544068,0.0003121,0.000962256,0.008259306,1.00E-05,0.002886769,1.81E-09,0.00209078
165.2054988,0.003950465,17.17383973,1.95E-06,717.733626,0.023635615,0.000168003,0.000987616,0.004331812,5.00E-05,0.002962849,,
117.9224692,0.005837222,11.69253929,3.19E-06,747.6568303,0.026945427,5.39E-05,0.001459306,0.000940194,5.00E-05,0.004377917,6.32E-09,0.00555
128.2021903,0.005987851,24.78091618,2.81E-06,741.1512786,0.026225847,0.000530783,0.001496963,0.009029131,1.00E-05,0.004490888,6.85E-09,0.00418769
98.31606683,0.006767536,16.14305129,4.22E-06,760.0647997,0.028317875,0.000138432,0.001691884,0.002083559,5.00E-05,0.005075652,9.91E-09,0.00617266
79.03665983,0.006938252,18.09933766,5.89E-06,772.2658291,0.029667434,0.000198138,0.001734563,0.00290882,5.00E-05,0.005203689,1.07E-08,0.00704453
200.2154922,0.009485612,27.71135548,1.52E-06,695.5774487,0.021184916,0.000750256,0.002371403,0.008056455,1.00E-05,0.007114209,2.73E-08,0.00664589
150.9695669,0.007605872,20.57501625,2.21E-06,726.7428773,0.02463213,0.000296643,0.001901468,0.0039727,1.00E-05,0.005704404,1.39E-08,0.005732
66.40676863,0.009540315,22.28560688,7.61E-06,780.2586929,0.030551526,0.000381136,0.002385079,0.00406928,1.00E-05,0.007155237,2.78E-08,0.0135396
138.2060749,0.004468829,13.23998302,2.52E-06,734.8202908,0.025525575,7.59E-05,0.001117207,0.001730471,5.00E-05,0.003351622,2.84E-09,0.00337051
231.3740805,0.008482308,25.66569845,1.30E-06,675.8586444,0.019003814,0.000591868,0.002120577,0.007107399,1.00E-05,0.006361731,1.95E-08,0.00570194
82.37713392,0.00567793,19.35558861,5.54E-06,770.1518003,0.029433601,0.000244757,0.001419482,0.004390808,5.00E-05,0.004258447,5.86E-09,0.00604648
145.859429,0.006078455,23.38219628,2.33E-06,729.9768431,0.02498984,0.0004429,0.001519614,0.007421866,1.00E-05,0.004558841,7.15E-09,0.00405942
69.6775456,0.006446952,18.08282019,7.10E-06,778.1887721,0.030322572,0.000197569,0.001611738,0.003121509,5.00E-05,0.004835214,,
142.7055722,0.008410197,28.59567025,2.40E-06,731.9727707,0.02521061,0.000826467,0.002102549,0.010009658,1.00E-05,0.006307647,1.92E-08,0.00596496
137.8197514,0.006183128,11.58490233,2.53E-06,735.0647767,0.025552617,5.26E-05,0.001545782,0.000866705,5.00E-05,0.004637346,7.51E-09,0.0058543
75.53880783,0.00470657,17.80678242,6.30E-06,774.4794551,0.029912283,0.000188235,0.001176643,0.00407377,5.00E-05,0.003529928,,
210.9937745,0.007965421,16.4547628,1.43E-06,688.756381,0.020430436,0.000146943,0.001991355,0.001879057,5.00E-05,0.005974066,1.62E-08,0.00624531
241.5383368,0.008927337,15.22954267,1.24E-06,669.4261649,0.018292316,0.000115572,0.002231834,0.001318658,5.00E-05,0.006695502,2.27E-08,0.00742266
192.0474658,0.003799519,18.63355638,1.60E-06,700.7466082,0.021756677,0.000217139,0.00094988,0.005821164,5.00E-05,0.002849639,,
156.1987382,0.003430102,23.19267401,2.11E-06,723.4335809,0.024266088,0.000431787,0.000857525,0.012822192,1.00E-05,0.002572576,1.29E-09,0.0019199
256.6172224,0.009723774,12.26301224,1.17E-06,659.8834478,0.017236794,6.12E-05,0.002430943,0.000640704,5.00E-05,0.00729283,2.93E-08,0.00934414
142.3914574,0.006347167,20.22098428,2.41E-06,732.1715592,0.025232598,0.000280885,0.001586792,0.004507627,1.00E-05,0.004760376,8.06E-09,0.00454398
78.13307491,0.004634648,29.47027458,5.99E-06,772.8376655,0.029730685,0.00090663,0.001158662,0.019925702,1.00E-05,0.003475986,,
245.2397908,0.007428208,22.89237816,1.22E-06,667.0836888,0.018033215,0.000414556,0.001857052,0.005684585,1.00E-05,0.005571156,1.30E-08,0.00488148
126.5402253,0.009276857,16.20781695,2.87E-06,742.203058,0.026342184,0.00014017,0.002319214,0.001539056,5.00E-05,0.006957643,2.55E-08,0.00877051
227.8994785,0.009997201,27.16680845,1.32E-06,678.0575565,0.019247037,0.000705689,0.0024993,0.007190105,1.00E-05,0.007497901,3.19E-08,0.00709387
224.8015267,0.007263302,17.57925769,1.34E-06,680.0181044,0.019463893,0.000180776,0.001815825,0.002535174,5.00E-05,0.005447476,1.20E-08,0.00530937
67.63162409,0.009929095,19.90975864,7.41E-06,779.4835395,0.030465786,0.000267504,0.002482274,0.002744235,5.00E-05,0.007446821,3.14E-08,0.0120336
174.8533119,0.005575258,16.42507177,1.81E-06,711.6279791,0.022960268,0.000146116,0.001393814,0.002669524,5.00E-05,0.004181443,5.55E-09,0.00391523
123.5397403,0.007271716,19.10641974,2.98E-06,744.1019238,0.026552218,0.000234971,0.001817929,0.003291372,5.00E-05,0.005453787,1.24E-08,0.00584697
194.3790339,0.008319897,24.73493249,1.58E-06,699.2710685,0.021593468,0.000527726,0.002079974,0.006460869,1.00E-05,0.006239923,1.83E-08,0.00578131
259.5914421,0.00461918,21.91658167,1.16E-06,658.0012041,0.017028599,0.00036171,0.001154795,0.007976204,1.00E-05,0.003464385,3.14E-09,0.00248629
255.3208797,0.004997541,14.43649584,1.18E-06,660.7038421,0.017327538,9.82E-05,0.001249385,0.002000588,5.00E-05,0.003748156,,
268.9862399,0.004453552,13.81336053,1.13E-06,652.0556787,0.016370963,8.60E-05,0.001113388,0.00196661,5.00E-05,0.003340164,,
179.3975833,0.007623279,11.89475556,1.75E-06,708.7521235,0.022642169,5.64E-05,0.00190582,0.000752957,5.00E-05,0.00571746,1.41E-08,0.00737539
231.2287895,0.003693315,19.75848055,1.30E-06,675.9505922,0.019013985,0.000261159,0.000923329,0.007202583,5.00E-05,0.002769987,,
170.5432542,0.008969141,18.74457066,1.87E-06,714.3556117,0.023261972,0.000221239,0.002242285,0.002512532,5.00E-05,0.006726856,2.26E-08,0.00731797
177.5103442,0.004779287,20.45373533,1.77E-06,709.9464684,0.022774276,0.00029118,0.001194822,0.006205807,1.00E-05,0.003584466,3.46E-09,0.00284061
226.3983147,0.003917349,14.6879983,1.33E-06,679.0075725,0.019352118,0.000103441,0.000979337,0.00268968,5.00E-05,0.002938012,,
162.5969914,0.004290995,22.72246991,1.99E-06,719.3844275,0.023818211,0.00040501,0.001072749,0.009614087,1.00E-05,0.003218246,2.52E-09,0.00247492
185.1596037,0.007307257,10.64132809,1.68E-06,705.105612,0.022238828,4.29E-05,0.001826814,0.000597793,5.00E-05,0.005480443,1.24E-08,0.00800742
68.17733721,0.006149964,14.74865459,7.33E-06,779.1381834,0.030427586,0.000104749,0.001537491,0.001734905,5.00E-05,0.004612473,7.38E-09,0.00746172
212.9520119,0.005954192,27.56441721,1.42E-06,687.5171047,0.020293359,0.000738055,0.001488548,0.012625998,1.00E-05,0.004465644,6.81E-09,0.00340035
167.8464187,0.005879308,17.98243112,1.91E-06,716.062312,0.023450751,0.000194138,0.001469827,0.00336345,5.00E-05,0.004409481,6.38E-09,0.00410078
97.40968973,0.007539735,14.64519916,4.28E-06,760.6384031,0.028381322,0.000102526,0.001884934,0.001385092,5.00E-05,0.005654802,1.37E-08,0.00745117
69.38433278,0.009806752,28.79429589,7.14E-06,778.3743327,0.030343097,0.000844249,0.002451688,0.008768909,1.00E-05,0.007355064,,
91.14876209,0.007718915,27.36998093,4.74E-06,764.6006496,0.028819587,0.000722109,0.001929729,0.009528988,1.00E-05,0.005789186,,
130.9507471,0.006564227,12.6954828,2.73E-06,739.4118463,0.026033448,6.73E-05,0.001641057,0.001044819,5.00E-05,0.00492317,8.99E-09,0.00604648
151.7848765,0.008831164,27.80955668,2.20E-06,726.2269062,0.024575059,0.000758482,0.002207791,0.008748381,1.00E-05,0.006623373,2.21E-08,0.006255
110.1062306,0.004302778,19.57470719,3.55E-06,752.6033599,0.027492564,0.000253588,0.001075695,0.006003153,5.00E-05,0.003227084,,
163.9320567,0.008652567,28.28495642,1.97E-06,718.5395275,0.023724756,0.000799141,0.002163142,0.009407594,1.00E-05,0.006489425,2.08E-08,0.00595757
78.46940152,0.00933286,24.46613311,5.96E-06,772.6248202,0.029707142,0.000510091,0.002333215,0.005567146,1.00E-05,0.006999645,2.55E-08,0.0112013
84.92404961,0.007037075,14.97552993,5.29E-06,768.5399772,0.029255317,0.000109753,0.001759269,0.00158864,5.00E-05,0.005277806,1.11E-08,0.00715469
228.7302896,0.009801951,12.4302461,1.31E-06,677.5317753,0.01918888,6.35E-05,0.002450488,0.000659684,5.00E-05,0.007351464,3.00E-08,0.00962187
217.9682552,0.005385656,28.53848131,1.38E-06,684.3425604,0.019942222,0.000821392,0.001346414,0.015535029,1.00E-05,0.004039242,5.07E-09,0.0029002
232.2406155,0.009155118,10.32980133,1.29E-06,675.3102552,0.018943157,4.02E-05,0.00228878,0.000447308,5.00E-05,0.006866339,2.44E-08,0.0108055
232.6012104,0.007528077,27.46227248,1.29E-06,675.0820517,0.018917915,0.00072965,0.001882019,0.009872574,1.00E-05,0.005646058,1.37E-08,0.00468602
165.6877431,0.00936767,24.07498641,1.94E-06,717.4284362,0.023601858,0.000485125,0.002341917,0.005274994,1.00E-05,0.007025752,2.61E-08,0.00713078
266.436109,0.006958293,23.03947004,1.14E-06,653.6695365,0.016549472,0.000422938,0.001739573,0.006191189,1.00E-05,0.00521872,1.07E-08,0.00437629
166.0867552,0.007939369,15.10506647,1.94E-06,717.1759202,0.023573927,0.000112692,0.001984842,0.001445798,5.00E-05,0.005954527,1.60E-08,0.00677461
105.050541,0.004590895,29.63769027,3.81E-06,755.8028679,0.027846462,0.000922529,0.001147724,0.020468358,1.00E-05,0.003443171,,
255.9061733,0.008090991,12.76164519,1.18E-06,660.3334373,0.017286568,6.83E-05,0.002022748,0.000860178,5.00E-05,0.006068243,1.69E-08,0.0070125
203.9854308,0.008010036,25.32464738,1.49E-06,693.1916319,0.02092102,0.000567806,0.002002509,0.007220467,1.00E-05,0.006007527,1.64E-08,0.00532867
77.94242485,0.007489933,20.86326812,6.02E-06,772.958319,0.02974403,0.000309903,0.001872483,0.004214522,1.00E-05,0.00561745,1.35E-08,0.00821711
219.4756216,0.006908535,24.97158075,1.37E-06,683.3886191,0.019836706,0.000543579,0.001727134,0.008014512,1.00E-05,0.005181401,1.05E-08,0.0043058
95.22372857,0.008065409,19.56374161,4.44E-06,762.0217951,0.028534339,0.000253141,0.002016352,0.00319695,5.00E-05,0.006049057,1.69E-08,0.0073582
213.1660148,0.007441601,29.45236214,1.42E-06,687.3816723,0.020278379,0.00090494,0.0018604,0.012386639,1.00E-05,0.0055812,1.33E-08,0.00456086
124.9721174,0.005145452,11.2692909,2.92E-06,743.1954397,0.026451952,4.91E-05,0.001286363,0.000971645,5.00E-05,0.003859089,4.33E-09,0.00472187
214.9515594,0.007560715,14.84412892,1.40E-06,686.2516852,0.020153391,0.000106833,0.001890179,0.001439267,5.00E-05,0.005670536,1.38E-08,0.00606875
244.5127478,0.008253288,24.888283,1.23E-06,667.5438002,0.018084108,0.000537964,0.002063322,0.006639364,1.00E-05,0.006189966,1.79E-08,0.00550208
173.5542904,0.006409609,13.37195627,1.83E-06,712.4500686,0.0230512,7.81E-05,0.001602402,0.001241817,5.00E-05,0.004807206,8.39E-09,0.00532031
201.4257484,0.003821504,23.49916349,1.51E-06,694.8115345,0.021100198,0.000449853,0.000955376,0.011990466,1.00E-05,0.002866128,1.79E-09,0.00193223
222.0024345,0.007642911,16.05762085,1.36E-06,681.7895181,0.01965983,0.000136163,0.001910728,0.001814687,5.00E-05,0.005732183,1.43E-08,0.00592969
188.9353389,0.008116318,18.35716239,1.64E-06,702.7161269,0.021974526,0.000207158,0.00202908,0.002599823,5.00E-05,0.006087239,1.68E-08,0.00625664
228.4245521,0.009838477,16.53769858,1.32E-06,677.7252621,0.019210281,0.00014927,0.002459619,0.00154541,5.00E-05,0.007378858,3.05E-08,0.00833516
246.2479652,0.00790482,18.59033532,1.22E-06,666.4456627,0.017962642,0.000215557,0.001976205,0.002777606,5.00E-05,0.005928615,1.55E-08,0.00576875
102.1172526,0.006036537,16.39767663,3.98E-06,757.6592081,0.028051792,0.000145357,0.001509134,0.002452715,5.00E-05,0.004527402,7.04E-09,0.00518047
96.6975249,0.007397,26.63107177,4.33E-06,761.0890987,0.028431173,0.000663565,0.00184925,0.009137507,1.00E-05,0.00554775,,
76.3809096,0.004270303,21.03932498,6.20E-06,773.9465285,0.029853336,0.000318194,0.001067576,0.007589847,1.00E-05,0.003202727,,
237.1118652,0.009006714,27.68073374,1.27E-06,672.2274705,0.018602169,0.000747702,0.002251679,0.008455948,1.00E-05,0.006755036,2.34E-08,0.00598987
112.8361776,0.007744637,24.0483595,3.42E-06,750.8757049,0.027301468,0.000483455,0.001936159,0.006358506,1.00E-05,0.005808478,1.48E-08,0.0062087
89.06467734,0.004748751,23.69643443,4.92E-06,765.9195688,0.028965473,0.00046174,0.001187188,0.009904167,1.00E-05,0.003561564,,
79.98701322,0.004968616,21.66225501,5.79E-06,771.6643952,0.029600909,0.000348712,0.001242154,0.007148769,1.00E-05,0.003726462,,
235.2652738,0.007453775,23.8666568,1.28E-06,673.3960913,0.018731431,0.000472161,0.001863444,0.006452296,1.00E-05,0.005590331,1.32E-08,0.00485969
114.2946282,0.008201281,25.3801676,3.35E-06,749.9527201,0.027199376,0.000571678,0.00205032,0.007100192,1.00E-05,0.006150961,1.76E-08,0.00646949
265.7742052,0.005455167,10.46003697,1.14E-06,654.0884243,0.016595806,4.13E-05,0.001363792,0.000771038,5.00E-05,0.004091375,5.16E-09,0.00484219
265.3448963,0.004485665,11.44033058,1.14E-06,654.3601137,0.016625857,5.10E-05,0.001121416,0.001157188,5.00E-05,0.003364248,,
218.3625619,0.004960046,18.52404843,1.38E-06,684.0930222,0.019914621,0.000213146,0.001240012,0.004377156,5.00E-05,0.003720035,,
136.9818381,0.008223741,25.8235861,2.55E-06,735.5950527,0.025611271,0.000603229,0.002055935,0.007471588,1.00E-05,0.006167806,1.78E-08,0.00607461
198.0834537,0.005410656,18.26105056,1.54E-06,696.9267155,0.021334158,0.000203763,0.001352664,0.003835977,5.00E-05,0.004057992,,
144.014717,0.003612689,17.52008128,2.37E-06,731.1442746,0.02511897,0.000178871,0.000903172,0.005043234,5.00E-05,0.002709516,,
132.3165487,0.005992308,24.44645241,2.68E-06,738.5474947,0.025937842,0.000508815,0.001498077,0.008648994,1.00E-05,0.004494231,6.86E-09,0.00411205
202.4611038,0.005052132,22.5954603,1.50E-06,694.1563067,0.021027723,0.00039797,0.001263033,0.008023727,1.00E-05,0.003789099,4.11E-09,0.00288654
197.8225558,0.003922415,17.36604895,1.55E-06,697.0918255,0.021352421,0.000173977,0.000980604,0.004517917,5.00E-05,0.002941812,,
94.96882003,0.005631637,14.94246371,4.45E-06,762.1831147,0.028552183,0.000109013,0.001407909,0.001971706,5.00E-05,0.004223728,5.70E-09,0.00507734
159.8282279,0.004184635,26.7593048,2.04E-06,721.1366476,0.024012024,0.000673494,0.001046159,0.01639367,1.00E-05,0.003138476,2.37E-09,0.00240824
107.1417381,0.007414694,23.93028183,3.70E-06,754.4794477,0.027700078,0.000476096,0.001853673,0.006540356,1.00E-05,0.00556102,1.29E-08,0.00594707
138.868213,0.007030998,15.38390794,2.50E-06,734.4012547,0.025479225,0.000119221,0.00175775,0.001727177,5.00E-05,0.005273249,1.11E-08,0.00596016
210.0658441,0.005486332,18.87333987,1.44E-06,689.3436245,0.020495391,0.000226061,0.001371583,0.004197049,5.00E-05,0.004114749,,
184.8224885,0.006529325,21.97634108,1.68E-06,705.3189563,0.022262426,0.000364811,0.001632331,0.00569114,1.00E-05,0.004896994,8.82E-09,0.00426959
215.5212899,0.003738718,22.44506291,1.40E-06,685.8911296,0.02011351,0.000389739,0.000934679,0.010618218,1.00E-05,0.002804038,1.67E-09,0.00186707
212.5465608,0.004388645,12.97516348,1.42E-06,687.7736956,0.020321741,7.16E-05,0.001097161,0.001662455,5.00E-05,0.003291484,,
185.5488392,0.009736659,10.0829478,1.67E-06,704.8592831,0.022211581,3.83E-05,0.002434165,0.000400254,5.00E-05,0.007302494,2.93E-08,0.0133203
140.9030992,0.006504827,20.19453328,2.45E-06,733.113471,0.025336783,0.00027973,0.001626207,0.0043803,1.00E-05,0.00487862,8.68E-09,0.00472469
120.239437,0.005700009,21.77319216,3.10E-06,746.1905304,0.026783239,0.000354343,0.001425002,0.006332109,1.00E-05,0.004275007,5.86E-09,0.00414571
250.7937461,0.004233722,14.14950866,1.20E-06,663.5688519,0.017644438,9.24E-05,0.001058431,0.002222769,5.00E-05,0.003175292,,
230.7119808,0.004056925,28.56137987,1.30E-06,676.2776562,0.019050161,0.000823422,0.001014231,0.02067404,1.00E-05,0.003042694,2.18E-09,0.00194465
233.9383049,0.008766323,28.11201569,1.28E-06,674.2358675,0.018824319,0.00078419,0.002191581,0.009111796,1.00E-05,0.006574743,2.16E-08,0.00571209
211.3821342,0.008870157,18.93005646,1.43E-06,688.5106064,0.020403251,0.000228208,0.002217539,0.002620589,5.00E-05,0.006652618,2.19E-08,0.00688789
252.6332693,0.009231921,23.81420125,1.19E-06,662.4047042,0.017515671,0.000468934,0.00230798,0.005173915,1.00E-05,0.006923941,2.50E-08,0.0065308
75.77665767,0.00925951,15.66750024,6.27E-06,774.3289311,0.029895634,0.00012615,0.002314877,0.001387708,5.00E-05,0.006944632,2.53E-08,0.0106701
99.08995533,0.009691527,27.76927869,4.17E-06,759.5750421,0.028263703,0.000755101,0.002422882,0.007936207,1.00E-05,0.007268645,2.91E-08,0.00895796
73.96968532,0.005170793,13.68708072,6.50E-06,775.4724789,0.030022122,8.37E-05,0.001292698,0.001648345,5.00E-05,0.003878095,4.39E-09,0.00575234
201.5662874,0.004452941,28.48880349,1.51E-06,694.7225939,0.02109036,0.000817001,0.001113235,0.01868855,1.00E-05,0.003339706,2.88E-09,0.00230137
140.3805448,0.004834748,14.00243599,2.46E-06,733.4441711,0.025373362,8.95E-05,0.001208687,0.001886451,5.00E-05,0.003626061,3.61E-09,0.0036334
224.228004,0.006798572,13.25742446,1.34E-06,680.38106,0.01950404,7.62E-05,0.001699643,0.001141824,5.00E-05,0.005098929,1.00E-08,0.00553672
172.826577,0.008036446,17.96342098,1.84E-06,712.9106042,0.02310214,0.000193493,0.002009112,0.002452459,5.00E-05,0.006027335,1.63E-08,0.00633633
121.1481171,0.008419111,25.89567426,3.07E-06,745.6154695,0.026719632,0.000608463,0.002104778,0.007361535,1.00E-05,0.006314333,1.91E-08,0.0064484
128.0159351,0.009753438,22.62904114,2.82E-06,741.2691507,0.026238885,0.000399824,0.00243836,0.004175524,1.00E-05,0.007315079,2.93E-08,0.00812166
94.57277868,0.009959146,13.47124749,4.48E-06,762.4337506,0.028579905,7.99E-05,0.002489787,0.0008167,5.00E-05,0.00746936,3.14E-08,0.0115279
242.9773514,0.006548978,15.88990325,1.24E-06,668.5154803,0.018191585,0.000131789,0.001637244,0.002049777,5.00E-05,0.004911733,8.99E-09,0.00470625
81.1723359,0.007971963,29.21604717,5.66E-06,770.9142602,0.029517936,0.00088283,0.001992991,0.01128007,1.00E-05,0.005978972,,
191.8825019,0.008690756,23.40803712,1.61E-06,700.851006,0.021768225,0.00044443,0.002172689,0.005208902,1.00E-05,0.006518067,2.08E-08,0.00623456
237.8304218,0.009349247,21.38972497,1.26E-06,671.7727299,0.01855187,0.000335131,0.002337312,0.003651224,1.00E-05,0.007011935,2.58E-08,0.00699051
254.4025052,0.00621928,17.5497869,1.18E-06,661.2850381,0.017391825,0.000179826,0.00155482,0.002945178,5.00E-05,0.00466446,7.56E-09,0.00417344
149.2190474,0.003494973,12.68844119,2.25E-06,727.8506988,0.024754667,6.72E-05,0.000873743,0.001959309,5.00E-05,0.00262123,,
264.729677,0.00333685,18.43770798,1.14E-06,654.7494571,0.016668923,0.000210034,0.000834212,0.006411395,5.00E-05,0.002502637,,
189.1844571,0.004846443,28.22518825,1.63E-06,702.5584716,0.021957088,0.000793953,0.001211611,0.016686755,1.00E-05,0.003634832,3.70E-09,0.00263254
234.866499,0.009969453,16.65387513,1.28E-06,673.6484571,0.018759345,0.000152573,0.002492363,0.001558862,5.00E-05,0.00747709,3.17E-08,0.00843008
247.1971233,0.008325732,20.09072983,1.22E-06,665.8449853,0.017896201,0.000275231,0.002081433,0.00336725,1.00E-05,0.006244299,1.82E-08,0.00596707
196.5268193,0.006851298,16.35331665,1.56E-06,697.9118361,0.021443123,0.000144133,0.001712824,0.002142838,5.00E-05,0.005138473,1.03E-08,0.00514922
113.1499789,0.004279806,21.20513611,3.40E-06,750.6771148,0.027279501,0.000326136,0.001069952,0.007762013,1.00E-05,0.003209855,2.48E-09,0.00311639
269.7061558,0.009434441,16.78160919,1.12E-06,651.6000778,0.016320569,0.000156266,0.00235861,0.001687131,5.00E-05,0.007075831,2.63E-08,0.00761367
221.0407527,0.008058056,25.18957707,1.36E-06,682.3981213,0.019727147,0.000558456,0.002014514,0.007059252,1.00E-05,0.006043542,1.67E-08,0.00532199
190.9140438,0.005860905,26.14314832,1.62E-06,701.4638976,0.021836017,0.000626658,0.001465226,0.010890963,1.00E-05,0.004395678,6.47E-09,0.00346416
116.4363149,0.006117001,29.39529304,3.26E-06,748.5973474,0.027049458,0.000899568,0.00152925,0.014979436,1.00E-05,0.004587751,,
253.0103616,0.009318666,11.03322408,1.19E-06,662.1660603,0.017489275,4.66E-05,0.002329666,0.000509656,5.00E-05,0.006988999,2.57E-08,0.009725
246.6815884,0.007319206,18.35982988,1.22E-06,666.171243,0.017932289,0.000207253,0.001829801,0.002884281,5.00E-05,0.005489404,1.23E-08,0.0052
188.0667128,0.009566339,10.21706297,1.65E-06,703.2658394,0.02203533,3.93E-05,0.002391585,0.000418419,5.00E-05,0.007174754,2.78E-08,0.012536
150.3257134,0.00642502,11.54927829,2.23E-06,727.1503419,0.0246772,5.22E-05,0.001606255,0.000827537,5.00E-05,0.004818765,8.42E-09,0.00614727
169.554408,0.004934179,16.85905916,1.88E-06,714.981406,0.023331191,0.000158536,0.001233545,0.003272751,5.00E-05,0.003700635,,
99.53406198,0.006134656,19.87251093,4.14E-06,759.2939879,0.028232616,0.000265932,0.001533664,0.004415513,5.00E-05,0.004600992,7.44E-09,0.00512344
193.2535301,0.005190662,11.66294295,1.59E-06,699.9833469,0.021672253,5.35E-05,0.001297665,0.001050399,5.00E-05,0.003892996,4.45E-09,0.0043502
184.3920648,0.005070078,25.94010743,1.69E-06,705.5913512,0.022292555,0.000611705,0.001267519,0.012289301,1.00E-05,0.003802558,4.20E-09,0.00282227
109.280251,0.009478604,12.19204865,3.59E-06,753.1260835,0.027550382,6.02E-05,0.002369651,0.000646977,5.00E-05,0.007108953,2.70E-08,0.0108553
152.3529093,0.005746484,21.07798729,2.18E-06,725.867425,0.024535296,0.000320034,0.001436621,0.005672752,1.00E-05,0.004309863,6.00E-09,0.00382996
268.777559,0.009179195,23.64355387,1.13E-06,652.187743,0.016385571,0.000458533,0.002294799,0.005088226,1.00E-05,0.006884396,2.46E-08,0.00643746
147.7908005,0.005428405,28.71404864,2.28E-06,728.754569,0.024854644,0.000837035,0.001357101,0.015706216,1.00E-05,0.004071304,5.18E-09,0.00349984
105.0270373,0.005641541,29.78240636,3.82E-06,755.8177423,0.027848107,0.000936418,0.001410385,0.016907218,1.00E-05,0.004231156,,
123.0017687,0.009151088,12.28727823,3.00E-06,744.4423807,0.026589876,6.15E-05,0.002287772,0.000684486,5.00E-05,0.006863316,2.43E-08,0.00997344
239.1621383,0.008984318,17.90346664,1.26E-06,670.9299491,0.01845865,0.000191469,0.002246079,0.002170766,5.00E-05,0.006738238,2.28E-08,0.00703437
103.0774513,0.006865269,20.84845444,3.93E-06,757.0515435,0.027984578,0.000309212,0.001716317,0.004587746,1.00E-05,0.005148952,1.04E-08,0.00572286
206.6061132,0.007284333,13.30639729,1.47E-06,691.5331254,0.020737572,7.70E-05,0.001821083,0.00107716,5.00E-05,0.00546325,1.23E-08,0.00618672
110.8360958,0.008301044,26.84893822,3.51E-06,752.1414626,0.027441473,0.000680492,0.002075261,0.00835007,1.00E-05,0.006225783,1.83E-08,0.00667766
77.42294348,0.004730403,20.42011221,6.08E-06,773.2870743,0.029780394,0.000289677,0.001182601,0.006237583,1.00E-05,0.003547802,,
109.7610177,0.005612178,16.62690215,3.56E-06,752.8218289,0.027516729,0.000151802,0.001403044,0.002755152,5.00E-05,0.004209133,5.66E-09,0.00456702
178.4192644,0.008518491,21.62646271,1.76E-06,709.3712555,0.022710651,0.000346908,0.002129623,0.004148121,1.00E-05,0.006388868,1.95E-08,0.00632922
161.6403763,0.009404713,25.99818077,2.01E-06,719.9898242,0.023885174,0.000615958,0.002351178,0.006671221,1.00E-05,0.007053535,2.65E-08,0.00700422
229.3111167,0.005292234,15.78169491,1.31E-06,677.1641971,0.019148222,0.000129023,0.001323059,0.002483285,5.00E-05,0.003969176,,
82.85985621,0.004898061,26.74595731,5.49E-06,769.8463081,0.02939981,0.000672456,0.001224515,0.013984267,1.00E-05,0.003673546,,
229.8092025,0.004204079,23.13968913,1.31E-06,676.848982,0.019113356,0.000428713,0.00105102,0.01038713,1.00E-05,0.003153059,2.38E-09,0.00217621
148.2647775,0.005204491,22.14619569,2.27E-06,728.4546112,0.024821466,0.000373718,0.001301123,0.007314191,1.00E-05,0.003903368,4.48E-09,0.00333438
73.41026258,0.009284964,24.28976503,6.58E-06,775.8265112,0.030061282,0.000498732,0.002321241,0.005471254,1.00E-05,0.006963723,,
119.0045273,0.008849611,12.01514432,3.15E-06,746.9720466,0.026869683,5.79E-05,0.002212403,0.000666212,5.00E-05,0.006637208,2.20E-08,0.00974082
129.4610912,0.003966844,16.22078836,2.77E-06,740.3545794,0.026137724,0.00014052,0.000991711,0.003608222,5.00E-05,0.002975133,,
208.2552562,0.009791097,24.38295771,1.46E-06,690.4894604,0.020622132,0.000504713,0.002447774,0.00525065,1.00E-05,0.007343322,2.98E-08,0.00726895
133.5034149,0.00860681,24.93517128,2.65E-06,737.796383,0.025854761,0.00054112,0.002151703,0.006404005,1.00E-05,0.006455108,2.03E-08,0.00648149
87.07539142,0.00549802,29.70611594,5.09E-06,767.1784942,0.029104723,0.00092908,0.001374505,0.017212609,1.00E-05,0.004123515,,
236.5243381,0.009608435,13.91781506,1.27E-06,672.5992888,0.018643296,8.79E-05,0.002402109,0.000932197,5.00E-05,0.007206326,2.83E-08,0.00864922
184.1913236,0.004087658,27.91073943,1.69E-06,705.7183909,0.022306607,0.00076702,0.001021914,0.01911316,1.00E-05,0.003065743,2.22E-09,0.00214094
193.96284,0.005660424,24.10802228,1.58E-06,699.534458,0.021622601,0.000487202,0.001415106,0.008767178,1.00E-05,0.004245318,5.79E-09,0.00337574
249.2437369,0.009775596,17.49912941,1.21E-06,664.5497798,0.017752938,0.0001782,0.002443899,0.001856793,5.00E-05,0.007331697,2.93E-08,0.00796211
207.2525675,0.004792858,22.3089033,1.46E-06,691.1240149,0.02069232,0.000382385,0.001198214,0.008126558,1.00E-05,0.003594643,3.51E-09,0.00267502
247.350322,0.004941587,20.73952907,1.22E-06,665.748033,0.017885477,0.000304164,0.001235397,0.006269616,1.00E-05,0.00370619,3.83E-09,0.00279602
233.312563,0.005003015,16.94974914,1.29E-06,674.6318701,0.018868121,0.000161224,0.001250754,0.003282441,5.00E-05,0.003752262,,
124.0752416,0.00907788,29.82520939,2.96E-06,743.7630302,0.026514733,0.000940552,0.00226947,0.010553547,1.00E-05,0.00680841,2.41E-08,0.00690191
105.7368513,0.004645967,11.82519181,3.78E-06,755.3685344,0.02779842,5.55E-05,0.001161492,0.001216536,5.00E-05,0.003484476,3.19E-09,0.00418437
133.2200642,0.003478321,27.28265814,2.66E-06,737.9757023,0.025874596,0.000715022,0.00086958,0.020938705,1.00E-05,0.002608741,,
244.1813854,0.004107665,26.46992323,1.23E-06,667.7535038,0.018107303,0.000651223,0.001026916,0.016148596,1.00E-05,0.003080749,2.24E-09,0.00198918
204.3418855,0.006496596,25.05236625,1.49E-06,692.9660485,0.020896068,0.000549062,0.001624149,0.008608656,1.00E-05,0.004872447,8.77E-09,0.00396013
190.1883042,0.006577941,21.69145152,1.62E-06,701.923184,0.021886819,0.000350188,0.001644485,0.005422648,1.00E-05,0.004933455,9.02E-09,0.00431978
213.5094208,0.007590859,25.4913371,1.42E-06,687.1643469,0.020254341,0.000579484,0.001897715,0.007775905,1.00E-05,0.005693144,1.40E-08,0.00493984
186.5029083,0.008684821,28.84758319,1.66E-06,704.2554977,0.022144796,0.000849062,0.002171205,0.009958148,1.00E-05,0.006513616,2.11E-08,0.00584934
227.2803289,0.00556713,22.40545064,1.32E-06,678.4493872,0.019290377,0.00038759,0.001391783,0.007091556,1.00E-05,0.004175348,5.49E-09,0.00329066
200.5857936,0.005093361,28.25338518,1.52E-06,695.3431023,0.021158994,0.000796398,0.00127334,0.015926698,1.00E-05,0.003820021,4.29E-09,0.00271469
219.1805965,0.008558803,18.41277179,1.37E-06,683.5753266,0.019857358,0.000209141,0.002139701,0.002489004,5.00E-05,0.006419103,1.97E-08,0.00656562
187.0422007,0.009914381,24.49546476,1.66E-06,703.9142049,0.022107046,0.000511996,0.002478595,0.005260184,1.00E-05,0.007435786,3.09E-08,0.00751996
106.5763259,0.009131632,23.28329205,3.73E-06,754.8372705,0.027739657,0.000437077,0.002282908,0.004875398,1.00E-05,0.006848724,2.41E-08,0.00791534
198.5421372,0.007725008,18.68177567,1.54E-06,696.6364363,0.02130205,0.000218914,0.001931252,0.002886517,5.00E-05,0.005793756,1.45E-08,0.00577969
104.3410134,0.005715784,25.00290027,3.85E-06,756.2518945,0.027896129,0.0005457,0.001428946,0.009724754,1.00E-05,0.004286838,,
192.8123016,0.009012414,23.5587412,1.60E-06,700.2625796,0.021703139,0.000453421,0.002253103,0.00512461,1.00E-05,0.00675931,2.32E-08,0.00661609
263.7504445,0.004827257,15.07081752,1.15E-06,655.3691672,0.016737469,0.000111909,0.001206814,0.00236138,5.00E-05,0.003620443,,
89.95278914,0.004492193,29.2983935,4.84E-06,765.3575246,0.028903305,0.000890494,0.001123048,0.020191689,1.00E-05,0.003369145,,
87.22602454,0.006713492,28.46323995,5.07E-06,767.0831656,0.029094178,0.000814747,0.001678373,0.01236159,1.00E-05,0.005035119,,
195.5756678,0.008149947,27.43252179,1.57E-06,698.5137752,0.021509703,0.000727213,0.002037487,0.009088813,1.00E-05,0.00611246,1.74E-08,0.00533676
236.71267,0.009118332,18.04185725,1.27E-06,672.4801023,0.018630113,0.000196164,0.002279583,0.002191312,5.00E-05,0.006838749,2.38E-08,0.00717812
236.0963306,0.005601374,11.30800751,1.27E-06,672.8701546,0.018673257,4.95E-05,0.001400344,0.000900154,5.00E-05,0.004201031,5.59E-09,0.00480391
234.1822539,0.003758485,21.49631158,1.28E-06,674.0814836,0.018807242,0.0003404,0.000939621,0.009225219,1.00E-05,0.002818864,1.69E-09,0.00188219
253.5526068,0.009944174,20.13740777,1.19E-06,661.8228988,0.017451318,0.000277248,0.002486044,0.002839881,1.00E-05,0.007458131,3.10E-08,0.00771719
74.64102682,0.008264167,25.09304524,6.42E-06,775.0476184,0.029975128,0.000551836,0.002066042,0.006801598,1.00E-05,0.006198125,,
204.6944021,0.007087491,29.24079301,1.49E-06,692.7429574,0.020871392,0.000885128,0.001771873,0.012720782,1.00E-05,0.005315618,1.15E-08,0.00427803
199.8441499,0.008779326,29.49666144,1.53E-06,695.8124537,0.02121091,0.000909124,0.002194831,0.010547809,1.00E-05,0.006584494,2.18E-08,0.0058264
217.6327506,0.004231197,12.18738244,1.39E-06,684.5548854,0.019965707,6.01E-05,0.001057799,0.001447835,5.00E-05,0.003173398,,
136.6683594,0.003397439,15.52443578,2.56E-06,735.7934386,0.025633215,0.000122618,0.00084936,0.003676227,5.00E-05,0.002548079,,
126.0670583,0.007362725,22.00579026,2.89E-06,742.5025031,0.026375306,0.000366345,0.001840681,0.005068175,1.00E-05,0.005522044,1.26E-08,0.00557617
217.1103565,0.005232372,28.03555507,1.39E-06,684.8854841,0.020002275,0.000777639,0.001308093,0.015138375,1.00E-05,0.003924279,4.64E-09,0.00278729
100.9403828,0.005904327,23.52983982,4.06E-06,758.4039936,0.028134173,0.000451688,0.001476082,0.007792342,1.00E-05,0.004428245,6.50E-09,0.00524939
189.5314474,0.006125318,23.11848728,1.63E-06,702.3388778,0.021932799,0.000427487,0.001531329,0.007108764,1.00E-05,0.004593988,7.31E-09,0.00384824
171.1235141,0.008621833,17.00993245,1.86E-06,713.9883925,0.023221354,0.000163025,0.002155458,0.001925993,5.00E-05,0.006466375,2.05E-08,0.0071832
153.0379431,0.006515969,13.85623275,2.17E-06,725.4338994,0.024487344,8.68E-05,0.001628992,0.001356583,5.00E-05,0.004886977,8.82E-09,0.00547187
262.6833698,0.003835123,10.82450989,1.15E-06,656.0444686,0.016812164,4.46E-05,0.000958781,0.001184076,5.00E-05,0.002876342,,
144.5803369,0.009245085,12.96273903,2.36E-06,730.7863203,0.025079376,7.14E-05,0.002311271,0.000787009,5.00E-05,0.006933814,2.51E-08,0.00943145
172.6525841,0.004367762,14.05217648,1.84E-06,713.0207161,0.023114319,9.05E-05,0.00109194,0.002110415,5.00E-05,0.003275821,,
210.5420645,0.003786216,18.99264519,1.44E-06,689.042247,0.020462055,0.000230592,0.000946554,0.00620354,5.00E-05,0.002839662,,
167.3916709,0.005816146,16.49005023,1.92E-06,716.3501005,0.023482583,0.00014793,0.001454037,0.002590717,5.00E-05,0.00436211,6.30E-09,0.00418965
133.9805006,0.006479624,22.74673017,2.63E-06,737.4944579,0.025821365,0.000406364,0.001619906,0.006388011,1.00E-05,0.004859718,8.63E-09,0.00460094
258.6271299,0.008501427,26.09281526,1.17E-06,658.611472,0.017096101,0.000622929,0.002125357,0.007463578,1.00E-05,0.00637607,1.96E-08,0.00559621
218.957802,0.004648672,12.39284498,1.38E-06,683.7163228,0.019872954,6.30E-05,0.001162168,0.001379456,5.00E-05,0.003486504,,
121.9796198,0.009108816,10.17406747,3.03E-06,745.0892506,0.026661427,3.90E-05,0.002277204,0.000435662,5.00E-05,0.006831612,2.39E-08,0.0115865
168.3354082,0.005778481,28.36054767,1.90E-06,715.7528536,0.023416521,0.000805734,0.00144462,0.014202932,1.00E-05,0.004333861,6.25E-09,0.00346047
120.1083512,0.005319549,27.2030167,3.11E-06,746.2734884,0.026792415,0.000708598,0.001329887,0.013568287,1.00E-05,0.003989661,,
214.3823105,0.006280259,17.67856719,1.41E-06,686.611936,0.020193238,0.000184006,0.001570065,0.002984385,5.00E-05,0.004710194,7.78E-09,0.00433398
107.5291743,0.003673649,29.17785643,3.68E-06,754.2342576,0.027672958,0.00087929,0.000918412,0.024380045,1.00E-05,0.002755237,,
209.5992983,0.003709473,19.4342475,1.45E-06,689.6388793,0.020528049,0.000247902,0.000927368,0.006807201,5.00E-05,0.002782105,,
254.7901335,0.008235296,27.41480888,1.18E-06,661.0397264,0.017364691,0.000725765,0.002058824,0.008976709,1.00E-05,0.006176472,1.79E-08,0.00523902
79.23913484,0.00682133,21.46668467,5.87E-06,772.1376922,0.029653261,0.00033893,0.001705332,0.005061055,1.00E-05,0.005115997,1.02E-08,0.00811516
155.0605176,0.006335753,16.72034316,2.13E-06,724.1539071,0.024345764,0.000154487,0.001583938,0.002483671,5.00E-05,0.004751815,8.14E-09,0.00477891
71.10242917,0.006102529,23.87949251,6.89E-06,777.2870303,0.03022283,0.000472953,0.001525632,0.007894209,1.00E-05,0.004576896,,
196.8283387,0.004333389,12.7959199,1.56E-06,697.7210187,0.021422016,6.88E-05,0.001083347,0.001618293,5.00E-05,0.003250042,,
187.3808804,0.004865354,21.87307008,1.65E-06,703.6998705,0.022083338,0.000359464,0.001216338,0.007525602,1.00E-05,0.003649015,3.66E-09,0.00280586
178.0588063,0.004132787,28.70543478,1.77E-06,709.5993725,0.022735884,0.000836263,0.001033197,0.020611045,1.00E-05,0.00309959,2.30E-09,0.00223703
213.8638535,0.005540542,17.04017014,1.41E-06,686.940043,0.02022953,0.000163935,0.001385136,0.003013843,5.00E-05,0.004155407,5.34E-09,0.00367539
67.51182496,0.006299519,22.54766054,7.43E-06,779.5593548,0.030474172,0.000395342,0.00157488,0.006392426,1.00E-05,0.004724639,,
162.0628703,0.003859032,27.97660832,2.00E-06,719.7224476,0.023855599,0.000772612,0.000964758,0.020393099,1.00E-05,0.002894274,,
92.00656602,0.006893074,29.56728511,4.68E-06,764.0577858,0.02875954,0.000915821,0.001723269,0.013533119,1.00E-05,0.005169806,,
71.52039516,0.008386663,13.66611977,6.83E-06,777.0225193,0.030193572,8.33E-05,0.002096666,0.001011694,5.00E-05,0.006289997,1.87E-08,0.0103396
81.67710886,0.003384304,25.26464388,5.61E-06,770.5948132,0.029482602,0.00056364,0.000846076,0.01696415,1.00E-05,0.002538228,,
70.77051026,0.006199102,10.67940372,6.94E-06,777.4970862,0.030246064,4.32E-05,0.001549776,0.000710328,5.00E-05,0.004649327,7.53E-09,0.00836133
205.8434879,0.008901669,25.76188987,1.48E-06,692.015755,0.020790956,0.000598773,0.002225417,0.006851578,1.00E-05,0.006676252,2.25E-08,0.00615744
107.9428287,0.006320484,21.30720046,3.66E-06,753.9724751,0.027644002,0.000331089,0.001580121,0.005335745,1.00E-05,0.004740363,8.16E-09,0.00502
128.5710148,0.008950594,26.57239836,2.80E-06,740.9178669,0.026200029,0.000659054,0.002237649,0.007500133,1.00E-05,0.006712946,2.29E-08,0.00693039
177.0465487,0.009045307,23.06660266,1.78E-06,710.2399827,0.022806742,0.000424496,0.002261327,0.004780251,1.00E-05,0.00678398,2.34E-08,0.00680488
127.1406274,0.00854254,11.21212877,2.85E-06,741.8230917,0.026300156,4.85E-05,0.002135635,0.000577991,5.00E-05,0.006406905,1.98E-08,0.00962012
208.6807687,0.00468221,13.32546134,1.45E-06,690.2201735,0.020592346,7.74E-05,0.001170552,0.001682786,5.00E-05,0.003511657,,
141.1881536,0.004892865,26.51900741,2.44E-06,732.9330735,0.025316829,0.000654966,0.001223216,0.013635016,1.00E-05,0.003669649,3.77E-09,0.00307182
110.2389838,0.008578492,29.13092499,3.54E-06,752.5193467,0.027483271,0.000874952,0.002144623,0.010388997,1.00E-05,0.006433869,2.03E-08,0.00705867
135.674844,0.00406472,17.8290183,2.59E-06,736.4221877,0.025702761,0.000188976,0.00101618,0.0047356,5.00E-05,0.00304854,,
260.0943069,0.00555856,11.62176369,1.16E-06,657.6829647,0.016993399,5.30E-05,0.00138964,0.000971979,5.00E-05,0.00416892,5.47E-09,0.0044377
174.0272883,0.007352294,17.39726558,1.82E-06,712.1507305,0.02301809,0.000174961,0.001838073,0.002423922,5.00E-05,0.00551422,1.27E-08,0.00568437
260.9059319,0.009425545,19.32581171,1.16E-06,657.1693254,0.016936585,0.000243573,0.002356386,0.002632222,5.00E-05,0.007069159,2.64E-08,0.00723906
190.6951061,0.007857881,11.12438231,1.62E-06,701.602453,0.021851343,4.76E-05,0.00196447,0.000616461,5.00E-05,0.005893411,1.54E-08,0.00823906
88.19024717,0.008158099,20.02981583,4.99E-06,766.4729545,0.029026683,0.000272614,0.002039525,0.00340376,1.00E-05,0.006118575,1.75E-08,0.0079123
202.983359,0.005519779,12.13760202,1.50E-06,693.825796,0.020991165,5.95E-05,0.001379945,0.001097612,5.00E-05,0.004139834,5.35E-09,0.00453672
261.7912452,0.006652343,13.60173845,1.15E-06,656.6090523,0.016874613,8.21E-05,0.001663086,0.001257805,5.00E-05,0.004989257,9.39E-09,0.005125
175.7043121,0.005969377,10.71632695,1.80E-06,711.0894211,0.022900698,4.36E-05,0.001492344,0.000743442,5.00E-05,0.004477033,6.75E-09,0.00600508
112.3121772,0.004573886,13.18241584,3.44E-06,751.2073201,0.027338148,7.50E-05,0.001143471,0.001669522,5.00E-05,0.003430414,3.05E-09,0.00375078
111.2149457,0.008286369,16.5754216,3.49E-06,751.9017063,0.027414954,0.000150337,0.002071592,0.001847996,5.00E-05,0.006214777,1.82E-08,0.00765234
224.0011193,0.005669112,26.82636485,1.34E-06,680.5246446,0.019519922,0.000678725,0.001417278,0.012194916,1.00E-05,0.004251834,5.87E-09,0.00317125
143.1501603,0.006162589,10.91130287,2.39E-06,731.6914118,0.025179489,4.54E-05,0.001540647,0.000750691,5.00E-05,0.004621942,7.43E-09,0.00617891
130.2508832,0.006552976,17.62258719,2.75E-06,739.8547573,0.026082438,0.000182181,0.001638244,0.002831807,5.00E-05,0.004914732,9.03E-09,0.0051375
87.89360436,0.004815899,10.48433752,5.02E-06,766.6606857,0.029047448,4.15E-05,0.001203975,0.000877791,5.00E-05,0.003611924,3.54E-09,0.0052625
245.7629507,0.004037368,11.87421541,1.22E-06,666.7526056,0.017996593,5.61E-05,0.001009342,0.001415244,5.00E-05,0.003028026,,
230.5410024,0.009982781,27.82132349,1.30E-06,676.3858603,0.01906213,0.000759472,0.002495695,0.007749263,1.00E-05,0.007487086,3.19E-08,0.00700738
248.4902942,0.007918917,26.35203745,1.21E-06,665.0265982,0.017805679,0.00064229,0.001979729,0.008261625,1.00E-05,0.005939188,1.59E-08,0.0050657
141.496386,0.008077402,29.86066301,2.43E-06,732.7380077,0.025295253,0.000943985,0.002019351,0.011904014,1.00E-05,0.006058052,1.70E-08,0.00558953
262.9609512,0.009063301,18.1668369,1.15E-06,655.8688004,0.016792733,0.000200472,0.002265825,0.002253037,5.00E-05,0.006797476,2.34E-08,0.00699727
262.2101976,0.006084244,28.18312018,1.15E-06,656.343917,0.016845286,0.000790315,0.001521061,0.013231029,1.00E-05,0.004563183,7.28E-09,0.0033601
97.70393667,0.005934485,29.05086579,4.26E-06,760.4521881,0.028360724,0.000867586,0.001483621,0.014891192,1.00E-05,0.004450863,,
186.1032426,0.004920378,29.08254766,1.67E-06,704.5084274,0.022172773,0.000870496,0.001230094,0.018020568,1.00E-05,0.003690283,3.88E-09,0.00266863
134.6965405,0.009859655,15.62000414,2.61E-06,737.0413099,0.025771242,0.000124969,0.002464914,0.001291041,5.00E-05,0.007394741,3.06E-08,0.00952695
150.7606945,0.009576348,16.9644116,2.22E-06,726.8750628,0.024646751,0.000161661,0.002394087,0.001719515,5.00E-05,0.007182261,2.81E-08,0.00861289
93.36702883,0.007180603,12.89399411,4.57E-06,763.196813,0.028664308,7.04E-05,0.001795151,0.000998022,5.00E-05,0.005385452,1.18E-08,0.00757539
240.449194,0.008592104,15.19283459,1.25E-06,670.1154321,0.018368556,0.000114717,0.002148026,0.001359969,5.00E-05,0.006444078,2.03E-08,0.00703711
85.22459303,0.00637712,29.66321079,5.26E-06,768.3497774,0.029234278,0.000924969,0.00159428,0.014774156,1.00E-05,0.00478284,,
154.695984,0.00874366,13.10845334,2.14E-06,724.3846033,0.024371281,7.38E-05,0.002185915,0.000859272,5.00E-05,0.006557745,2.13E-08,0.00852148
155.4831635,0.008133734,29.36687512,2.12E-06,723.8864344,0.024316179,0.0008969,0.002033433,0.01123193,1.00E-05,0.0061003,1.74E-08,0.00546648
241.0613799,0.007341762,25.6376685,1.25E-06,669.7280085,0.018325703,0.000589865,0.001835441,0.008183757,1.00E-05,0.005506322,1.27E-08,0.00461078
181.3421011,0.005781374,13.15297518,1.72E-06,707.5215298,0.022506053,7.45E-05,0.001445344,0.001312322,5.00E-05,0.004336031,6.16E-09,0.00461484
88.43752257,0.005369829,11.7631023,4.97E-06,766.3164655,0.029009373,5.47E-05,0.001342457,0.001038141,5.00E-05,0.004027372,4.91E-09,0.00569023
90.36120363,0.007668063,24.81606616,4.81E-06,765.0990583,0.028874716,0.000533127,0.001917016,0.007081822,1.00E-05,0.005751047,1.42E-08,0.00776564
129.0383114,0.008173702,25.27909026,2.79E-06,740.6221369,0.026167318,0.000564641,0.002043425,0.007036448,1.00E-05,0.006130276,1.74E-08,0.00619119
139.7529781,0.009199777,13.89887619,2.48E-06,733.8413285,0.025417292,8.76E-05,0.002299944,0.000969663,5.00E-05,0.006899832,2.48E-08,0.0090916
158.311223,0.007519917,14.77432224,2.07E-06,722.0966886,0.024118214,0.000105306,0.001879979,0.001426393,5.00E-05,0.005639938,1.36E-08,0.00641602
256.3179461,0.00487432,11.08271108,1.18E-06,660.0728457,0.017257744,4.71E-05,0.00121858,0.000984849,5.00E-05,0.00365574,,
267.5896947,0.004173444,11.98997259,1.13E-06,652.9394864,0.016468721,5.76E-05,0.001043361,0.001404788,5.00E-05,0.003130083,,
124.4626062,0.008667388,17.4424911,2.94E-06,743.5178853,0.026487618,0.000176394,0.002166847,0.00207298,5.00E-05,0.006500541,2.08E-08,0.00771523
161.2472995,0.006945552,15.29453239,2.02E-06,720.238584,0.023912689,0.000117098,0.001736388,0.001717289,5.00E-05,0.005209164,1.07E-08,0.00563125
163.1726289,0.007222841,13.49457162,1.98E-06,719.0201336,0.023777916,8.03E-05,0.00180571,0.001131826,5.00E-05,0.00541713,1.20E-08,0.0063375
153.6015346,0.005141422,14.27054258,2.16E-06,725.0772288,0.024447893,9.48E-05,0.001285356,0.001877857,5.00E-05,0.003856067,4.34E-09,0.00383926
211.6063229,0.00712441,24.00295527,1.43E-06,688.3687279,0.020387557,0.000480616,0.001781102,0.006871473,1.00E-05,0.005343307,1.15E-08,0.00462273
198.9131173,0.007649109,13.07042217,1.54E-06,696.4016604,0.021276082,7.31E-05,0.001912277,0.00097405,5.00E-05,0.005736832,1.43E-08,0.00674023
164.8029687,0.006971459,13.9838278,1.96E-06,717.9883683,0.023663792,8.92E-05,0.001742865,0.001303076,5.00E-05,0.005228594,1.08E-08,0.00589219
227.5792775,0.006245931,22.10694393,1.32E-06,678.2601966,0.019269451,0.000371647,0.001561483,0.006060854,1.00E-05,0.004684448,7.73E-09,0.00389658
163.5794642,0.006253253,26.04930285,1.98E-06,718.7626668,0.023749438,0.000619717,0.001563313,0.010094568,1.00E-05,0.00468994,7.85E-09,0.00391504
258.8768358,0.005398962,29.01910666,1.17E-06,658.4534449,0.017078621,0.000864675,0.00134974,0.016313327,1.00E-05,0.004049221,5.12E-09,0.00280287
177.6386222,0.003592155,19.19796286,1.77E-06,709.8652872,0.022765296,0.000238534,0.000898039,0.006763885,5.00E-05,0.002694116,,
260.6131133,0.009653882,16.27568142,1.16E-06,657.3546365,0.016957082,0.000142008,0.00241347,0.001498345,5.00E-05,0.007240411,2.88E-08,0.0079918
127.592364,0.004386862,23.62871354,2.83E-06,741.5372089,0.026268535,0.000457636,0.001096716,0.010625915,1.00E-05,0.003290147,2.69E-09,0.0030217
120.9111533,0.003880119,15.71847464,3.07E-06,745.7654328,0.026736219,0.000127426,0.00097003,0.003345134,5.00E-05,0.002910089,,
119.7843857,0.009519611,19.06100635,3.12E-06,746.478511,0.026815093,0.000233216,0.002379903,0.002495399,5.00E-05,0.007139708,2.77E-08,0.00860586
209.1939955,0.008505639,22.47717914,1.45E-06,689.8953764,0.02055642,0.000391487,0.00212641,0.004688253,1.00E-05,0.006379229,1.95E-08,0.00605197
263.2454547,0.00337175,14.20316729,1.15E-06,655.6887515,0.016772818,9.34E-05,0.000842937,0.002822943,5.00E-05,0.002528812,,
251.1942168,0.006640082,25.73085175,1.20E-06,663.3154129,0.017616405,0.000596539,0.001660021,0.009150934,1.00E-05,0.004980062,9.38E-09,0.00391724
149.9126829,0.009701793,12.3808825,2.24E-06,727.4117294,0.024706112,6.28E-05,0.002425448,0.000659218,5.00E-05,0.007276345,2.90E-08,0.0102934
113.4931694,0.004244987,20.36111782,3.39E-06,750.4599257,0.027255478,0.000287053,0.001061247,0.006887891,1.00E-05,0.00318374,2.48E-09,0.00306467
250.2752832,0.008179181,17.09945824,1.20E-06,663.8969627,0.01768073,0.000165731,0.002044795,0.002063925,5.00E-05,0.006134386,1.72E-08,0.00620039
182.2410767,0.008762969,24.59065686,1.71E-06,706.9526103,0.022443125,0.000518212,0.002190742,0.006023598,1.00E-05,0.006572227,2.14E-08,0.00624313
169.1038359,0.00401276,26.92455301,1.89E-06,715.2665518,0.023362731,0.000686431,0.00100319,0.017424249,1.00E-05,0.00300957,2.09E-09,0.00218453
72.57406671,0.008105502,25.2256487,6.69E-06,776.3557002,0.030119815,0.000560943,0.002026375,0.007049183,1.00E-05,0.006079126,,
155.7700464,0.004516255,19.98250868,2.12E-06,723.7048797,0.024296097,0.000270593,0.001129064,0.006102921,5.00E-05,0.003387192,,
126.9504756,0.004713807,15.84613179,2.86E-06,741.9434299,0.026313467,0.000130665,0.001178452,0.002823495,5.00E-05,0.003535355,3.35E-09,0.00340625
102.9205585,0.003458392,21.34073832,3.94E-06,757.1508336,0.027995561,0.000332728,0.000864598,0.009799759,1.00E-05,0.002593794,,
243.8657821,0.007165065,11.46411226,1.23E-06,667.9532343,0.018129395,5.12E-05,0.001791266,0.000728257,5.00E-05,0.005373799,1.17E-08,0.00657969
247.7992471,0.008709145,15.1413029,1.21E-06,665.4639294,0.017854053,0.000113525,0.002177286,0.001327748,5.00E-05,0.006531859,2.11E-08,0.00715391
96.17411134,0.003506295,14.11737933,4.37E-06,761.4203425,0.028467812,9.18E-05,0.000876574,0.002665659,5.00E-05,0.002629721,,
239.4168075,0.008863109,10.24212393,1.25E-06,670.768781,0.018440823,3.95E-05,0.002215777,0.000453903,5.00E-05,0.006647332,2.21E-08,0.0103402
171.6543532,0.007144196,18.82662658,1.85E-06,713.6524495,0.023184195,0.000224304,0.001786049,0.003198036,5.00E-05,0.005358147,1.15E-08,0.00529375
139.1251682,0.009898717,24.1606042,2.49E-06,734.2386399,0.025461238,0.000490519,0.002474679,0.005047511,1.00E-05,0.007424038,3.08E-08,0.0079835
205.1702294,0.003620245,19.16929376,1.48E-06,692.4418287,0.020838084,0.000237414,0.000905061,0.006679891,5.00E-05,0.002715184,,
131.5943294,0.008716266,13.76605653,2.71E-06,739.0045534,0.025988397,8.51E-05,0.002179067,0.000994656,5.00E-05,0.0065372,2.11E-08,0.00857891
241.7579287,0.004977724,13.56855983,1.24E-06,669.2871955,0.018276945,8.16E-05,0.001244431,0.001668913,5.00E-05,0.003733293,,
114.0734531,0.006195429,29.58621736,3.36E-06,750.0926915,0.027214858,0.000917622,0.001548857,0.01508664,1.00E-05,0.004646572,,
183.6519385,0.004776046,23.21910924,1.70E-06,706.0597424,0.022344364,0.000433326,0.001194012,0.009241575,1.00E-05,0.003582035,3.48E-09,0.00269904
235.3360343,0.005031992,23.77125704,1.28E-06,673.3513103,0.018726478,0.000466302,0.001257998,0.009439027,1.00E-05,0.003773994,4.07E-09,0.00274018
252.1208886,0.006309981,14.66966679,1.19E-06,662.7289659,0.017551538,0.000103048,0.001577495,0.001663464,5.00E-05,0.004732485,8.03E-09,0.00457529
132.1141749,0.00769016,19.70692007,2.69E-06,738.6755676,0.025952008,0.000259019,0.00192254,0.003430813,5.00E-05,0.00576762,1.43E-08,0.00608906
116.9471491,0.007875354,21.25526507,3.23E-06,748.2740645,0.0270137,0.000328563,0.001968838,0.0042496,1.00E-05,0.005906515,1.54E-08,0.00633449
226.6633911,0.007232096,11.38656545,1.33E-06,678.8398181,0.019333563,5.04E-05,0.001808024,0.000709303,5.00E-05,0.005424072,1.20E-08,0.00687109
180.6616951,0.003766607,17.31129312,1.73E-06,707.9521267,0.022553681,0.00017226,0.000941652,0.004658378,5.00E-05,0.002824956,,
82.17997774,0.00389668,29.73148968,5.56E-06,770.2765711,0.029447402,0.000931516,0.00097417,0.02434982,1.00E-05,0.00292251,,
251.6602823,0.005853336,18.16143147,1.20E-06,663.0204619,0.01758378,0.000200285,0.001463334,0.003485336,5.00E-05,0.004390002,6.31E-09,0.00378184
121.531671,0.008378244,20.25800586,3.05E-06,745.3727363,0.026692783,0.000282506,0.002094561,0.003434583,1.00E-05,0.006283683,1.85E-08,0.00700633
81.01370696,0.004341668,28.07263633,5.68E-06,771.014649,0.029529041,0.000780811,0.001085417,0.018318488,1.00E-05,0.003256251,,
225.0018775,0.005105353,17.86725757,1.34E-06,679.8913118,0.019449869,0.000190253,0.001276338,0.003795828,5.00E-05,0.003829015,,
68.9469423,0.004410398,26.20738207,7.21E-06,778.6511365,0.030373714,0.000631438,0.0011026,0.014583213,1.00E-05,0.003307799,,
180.3371461,0.007203304,13.73585666,1.74E-06,708.1575185,0.0225764,8.46E-05,0.001800826,0.001195763,5.00E-05,0.005402478,1.19E-08,0.00612656
172.1991252,0.006005169,22.2566082,1.85E-06,713.3076889,0.023146061,0.000379585,0.001501292,0.006438494,1.00E-05,0.004503877,6.87E-09,0.00387039
183.255327,0.007791833,18.76439697,1.70E-06,706.3107391,0.022372127,0.000221977,0.001947958,0.002901808,5.00E-05,0.005843875,1.49E-08,0.00589883
175.2197955,0.004208695,21.44375046,1.80E-06,711.3960489,0.022934614,0.000337795,0.001052174,0.00817534,1.00E-05,0.003156521,2.37E-09,0.0023848
212.1084371,0.004669061,28.15704927,1.43E-06,688.0509635,0.020352409,0.000788066,0.001167265,0.01719226,1.00E-05,0.003501795,3.31E-09,0.00241738
174.6319348,0.007999628,27.65054486,1.81E-06,711.7680782,0.022975765,0.00074519,0.001999907,0.009488498,1.00E-05,0.005999721,1.64E-08,0.00536436
79.69586621,0.009380845,27.31141384,5.82E-06,771.8486484,0.029621289,0.000717351,0.002345211,0.007789144,1.00E-05,0.007035634,,
254.0429532,0.005345536,14.5418345,1.19E-06,661.5125817,0.017416993,0.000100343,0.001336384,0.001912029,5.00E-05,0.004009152,,
103.4619714,0.009052129,20.32365729,3.90E-06,756.8081988,0.027957662,0.000285395,0.002263032,0.003211415,1.00E-05,0.006789097,2.39E-08,0.00823636
111.54289,0.009298903,23.44808239,3.48E-06,751.6941658,0.027391998,0.000446808,0.002324726,0.004894284,1.00E-05,0.006974177,2.55E-08,0.00794863
195.0623011,0.007836985,19.25216438,1.57E-06,698.8386608,0.021545639,0.000240662,0.001959246,0.003127938,5.00E-05,0.005877738,1.51E-08,0.00584609
136.2528727,0.006698356,26.524683,2.57E-06,736.0563805,0.025662299,0.0006554,0.001674589,0.009966397,1.00E-05,0.005023767,9.64E-09,0.00453906
98.77238199,0.008911616,26.21391016,4.19E-06,759.7760193,0.028285933,0.000631925,0.002227904,0.007222865,1.00E-05,0.006683712,2.25E-08,0.00804414
171.4003534,0.005794735,18.2919498,1.86E-06,713.813194,0.023201975,0.000204851,0.001448684,0.003600839,5.00E-05,0.004346051,6.12E-09,0.00396992
203.789171,0.004524713,10.28124504,1.49E-06,693.3158355,0.020934758,3.98E-05,0.001131178,0.000896176,5.00E-05,0.003393535,,
242.1504725,0.005918674,24.54030702,1.24E-06,669.038773,0.018249467,0.000514918,0.001479669,0.00886163,1.00E-05,0.004439006,6.63E-09,0.00343691
84.30542231,0.007194777,18.50773216,5.34E-06,768.9314773,0.02929862,0.000212556,0.001798694,0.00300923,5.00E-05,0.005396082,1.19E-08,0.00688516
149.5902244,0.005087331,13.53762213,2.24E-06,727.6157983,0.024728684,8.10E-05,0.001271833,0.001622031,5.00E-05,0.003815498,4.20E-09,0.00391934
73.6425294,0.007502311,14.33616292,6.54E-06,775.6795204,0.030045023,9.61E-05,0.001875578,0.001304852,5.00E-05,0.005626733,1.34E-08,0.00866221
71.86181567,0.006357451,21.11052042,6.78E-06,776.8064504,0.030169673,0.000321588,0.001589363,0.005152484,1.00E-05,0.004768088,,
199.231507,0.005244931,13.4143705,1.53E-06,696.2001666,0.021253795,7.89E-05,0.001311233,0.001531674,5.00E-05,0.003933699,4.60E-09,0.00389141
268.1681018,0.00528577,20.78570099,1.13E-06,652.5734398,0.016428233,0.000306297,0.001321443,0.005902479,1.00E-05,0.003964328,4.68E-09,0.00307
226.0855296,0.005457499,16.70609929,1.33E-06,679.2055194,0.019374013,0.000154076,0.001364375,0.002875678,5.00E-05,0.004093124,,
249.6648596,0.003938771,21.00398817,1.20E-06,664.2832711,0.01772346,0.000316518,0.000984693,0.008185358,1.00E-05,0.002954079,1.94E-09,0.00202176
141.7535894,0.008882997,25.80940989,2.42E-06,732.5752358,0.025277249,0.000602203,0.002220749,0.006905317,1.00E-05,0.006662248,2.24E-08,0.00668781
257.4175949,0.007045053,17.7628309,1.17E-06,659.3769297,0.017180768,0.000186778,0.001761263,0.002700483,5.00E-05,0.00528379,1.10E-08,0.00495547
176.5588127,0.006019863,18.82812706,1.79E-06,710.5486479,0.022840883,0.00022436,0.001504966,0.003796287,5.00E-05,0.004514897,6.86E-09,0.00411914
145.0405617,0.008361246,12.57632503,2.34E-06,730.4950657,0.025047161,6.56E-05,0.002090311,0.000798865,5.00E-05,0.006270934,1.86E-08,0.0083293
221.5353332,0.005165494,15.57868003,1.36E-06,682.0851246,0.019692527,0.000123948,0.001291373,0.002444153,5.00E-05,0.00387412,,
238.5442633,0.003470491,19.95718679,1.26E-06,671.3209731,0.018501902,0.000269515,0.000867623,0.007910287,5.00E-05,0.002602868,,
153.9293943,0.008022706,20.50842357,2.15E-06,724.8697419,0.024424942,0.000293635,0.002005677,0.003728096,1.00E-05,0.00601703,1.63E-08,0.00612
158.6113042,0.00593762,15.77866636,2.06E-06,721.9067814,0.024097209,0.000128946,0.001484405,0.002212049,5.00E-05,0.004453215,6.69E-09,0.00445381
66.87448816,0.009880315,17.29725736,7.53E-06,779.9626952,0.030518786,0.000171822,0.002470079,0.001771366,5.00E-05,0.007410236,3.08E-08,0.0122932
146.4110758,0.003556982,16.32176637,2.31E-06,729.6277318,0.024951225,0.000143266,0.000889245,0.004102637,5.00E-05,0.002667736,,
70.3041453,0.008354248,10.35520654,7.01E-06,777.7922266,0.03027871,4.04E-05,0.002088562,0.000492738,5.00E-05,0.006265686,1.84E-08,0.0124039
118.3891092,0.009027825,23.97417102,3.17E-06,747.3615158,0.026912762,0.000478823,0.002256956,0.005402462,1.00E-05,0.006770868,2.33E-08,0.0074282
173.6970389,0.009890436,10.97499675,1.82E-06,712.3597298,0.023041207,4.60E-05,0.002472609,0.000474196,5.00E-05,0.007417827,3.07E-08,0.0116187
101.3167401,0.005043173,19.63588076,4.03E-06,758.1658148,0.028107828,0.000256091,0.001260793,0.005172387,5.00E-05,0.003782379,4.14E-09,0.00397715
166.5210606,0.009454257,29.90510005,1.93E-06,716.9010688,0.023543526,0.000948299,0.002363564,0.010216876,1.00E-05,0.007090693,2.73E-08,0.00664708
248.1799719,0.008596653,14.91975116,1.21E-06,665.2229866,0.017827402,0.000108506,0.002149163,0.001285656,5.00E-05,0.00644749,2.03E-08,0.00706523
243.5957519,0.006395678,12.63448973,1.23E-06,668.1241237,0.018148297,6.64E-05,0.001598919,0.001057948,5.00E-05,0.004796758,8.34E-09,0.00515625
156.4613796,0.00589099,27.8749724,2.10E-06,723.2673675,0.024247703,0.000763995,0.001472747,0.01320999,1.00E-05,0.004418242,6.60E-09,0.00366631
85.56119681,0.008472113,12.04985696,5.23E-06,768.1367567,0.029210716,5.83E-05,0.002118028,0.000701292,5.00E-05,0.006354085,1.93E-08,0.0102289
158.8386422,0.005354997,21.91143931,2.06E-06,721.7629099,0.024081295,0.000361444,0.001338749,0.006875153,1.00E-05,0.004016248,4.87E-09,0.00338295
152.5218758,0.004544428,28.32328456,2.18E-06,725.7604941,0.024523469,0.000802479,0.001136107,0.017986837,1.00E-05,0.003408321,,
90.73061321,0.007480715,21.23051249,4.78E-06,764.8652763,0.028848857,0.000327363,0.001870179,0.004457447,1.00E-05,0.005610536,1.35E-08,0.00687396
107.03739,0.006843825,11.35495908,3.71E-06,754.5454847,0.027707383,5.00E-05,0.001710956,0.00074436,5.00E-05,0.005132869,1.02E-08,0.00725703
219.9119477,0.005481287,12.53093385,1.37E-06,683.1124888,0.019806164,6.49E-05,0.001370322,0.001206381,5.00E-05,0.004110966,5.25E-09,0.0042668
111.8797865,0.004538925,25.53058667,3.46E-06,751.4809598,0.027368415,0.000582257,0.001134731,0.013066576,1.00E-05,0.003404194,,
197.1819594,0.006881135,14.6058171,1.55E-06,697.4972288,0.021397263,0.00010169,0.001720284,0.001505281,5.00E-05,0.005160851,1.04E-08,0.00545781
115.3808,0.006752258,27.02898404,3.30E-06,749.2653331,0.027123344,0.000694691,0.001688064,0.010479546,1.00E-05,0.005064193,9.86E-09,0.0053575
181.7541263,0.006600624,24.61188747,1.72E-06,707.2607783,0.022477211,0.000519605,0.001650156,0.008018408,1.00E-05,0.004950468,9.18E-09,0.00416289
93.63754471,0.005440474,27.1250926,4.55E-06,763.0256162,0.028645372,0.000702348,0.001360118,0.013149705,1.00E-05,0.004080355,,
258.3948669,0.005824518,23.24310387,1.17E-06,658.7584603,0.017112359,0.000434726,0.001456129,0.007602483,1.00E-05,0.004368388,6.30E-09,0.00339543
135.8839414,0.003805173,14.50505534,2.58E-06,736.2898598,0.025688124,9.96E-05,0.000951293,0.002665473,5.00E-05,0.002853879,,